Workbook

Sheet Report
C2: Control | D2: Treatment | E2: diff | F2: sig | AH2: Control | AI2: Treatment
B3: UserCount | C3: =Input!B6 -> 1302 | D3: =Input!H6 -> 1380 | AG3: UserCount | AH3: =C3 -> 1302 | AI3: =D3 -> 1380
B4: KPI | AG4: KPI
B5: Checkins | C5: =Input!B8 -> 5.9608295 | D5: =Input!H8 -> 10.233333 | E5: =D5/C5-1 -> 0.7167633 | F5: =Input!P8 -> *** | AG5: =B5 -> Checkins | AH5: =C5/$C5-1 -> 0 | AI5: =D5/$C5-1 -> 0.7167633
B7: Lessons | C7: =Input!B10 -> 19.075269 | D7: =Input!H10 -> 30.133333 | E7: =D7/C7-1 -> 0.57970688 | F7: =Input!P10 -> *** | AG7: =B7 -> Lessons | AH7: =C7/$C7-1 -> 0 | AI7: =D7/$C7-1 -> 0.57970688
B8: UserLesson | C8: =Input!B11 -> 5.3817204 | D8: =Input!H11 -> 8.3318841 | E8: =D8/C8-1 -> 0.54818225 | F8: =Input!P11 -> ** | AG8: =B8 -> UserLesson | AH8: =C8/$C8-1 -> 0 | AI8: =D8/$C8-1 -> 0.54818225
B9: Post | C9: =Input!B12 -> 17.626728 | D9: =Input!H12 -> 46.882609 | E9: =D9/C9-1 -> 1.6597454 | F9: =Input!P12 -> *** | AG9: =B9 -> Post | AH9: =C9/$C9-1 -> 0 | AI9: =D9/$C9-1 -> 1.6597454
B10: Code | C10: =Input!B13 -> 11.178187 | D10: =Input!H13 -> 40.476087 | E10: =D10/C10-1 -> 2.6209884 | F10: =Input!P13 -> *** | AG10: =B10 -> Code | AH10: =C10/$C10-1 -> 0 | AI10: =D10/$C10-1 -> 2.6209884
B11: Q&A | C11: =Input!B14 -> 2.6628264 | D11: =Input!H14 -> 16.424638 | E11: =D11/C11-1 -> 5.1681218 | F11: =Input!P14 -> *** | AG11: =B11 -> Q&A | AH11: =C11/$C11-1 -> 0 | AI11: =D11/$C11-1 -> 5.1681218
B12: Contest | C12: =Input!B15 -> 4.6397849 | D12: =Input!H15 -> 16.821739 | E12: =D12/C12-1 -> 2.6255428 | F12: =Input!P15 -> * | AG12: =B12 -> Contest | AH12: =C12/$C12-1 -> 0 | AI12: =D12/$C12-1 -> 2.6255428
B14: =Input!A17 -> Learn (L+UL) | C14: =Input!B17 -> 24.456989 | D14: =Input!H17 -> 38.465217 | E14: =D14/C14-1 -> 0.57276994 | F14: =Input!P17 -> *** | AG14: Learn | AH14: =C14/$C14-1 -> 0 | AI14: =D14/$C14-1 -> 0.57276994
B15: =Input!A18 -> Social_1 (UC, UP, DP) | C15: =Input!B18 -> 31.467742 | D15: =Input!H18 -> 103.78333 | E15: =D15/C15-1 -> 2.2980865 | F15: =Input!P18 -> *** | AG15: Social_1 | AH15: =C15/$C15-1 -> 0 | AI15: =D15/$C15-1 -> 2.2980865
B16: =Input!A19 -> Social_2 (P, OP, CP) | C16: =Input!B19 -> 7.7688172 | D16: =Input!H19 -> 31.084783 | E16: =D16/C16-1 -> 3.0012246 | F16: =Input!P19 -> *** | AG16: Social_2 | AH16: =C16/$C16-1 -> 0 | AI16: =D16/$C16-1 -> 3.0012246
B17: Social | C17: =Input!B20 -> 39.236559 | D17: =Input!H20 -> 134.86812 | E17: =D17/C17-1 -> 2.4373074 | F17: =Input!P20 -> *** | AG17: Social | AH17: =C17/$C17-1 -> 0 | AI17: =D17/$C17-1 -> 2.4373074
B18: Total | C18: =Input!B21 -> 63.693548 | D18: =Input!H21 -> 173.33333 | E18: =D18/C18-1 -> 1.7213641 | F18: =Input!P21 -> *** | AG18: Total | AH18: =C18/$C18-1 -> 0 | AI18: =D18/$C18-1 -> 1.7213641
B21: Notations: *** - we are very confident ** - we are confident * - we are confident, but should be cautious --- - no confidence

Sheet Input
B1: Control | H1: Treatment | N1: Difference
B4: Value | H4: Value | N4: Increase/ decrease | O4: p-value | P4: sig. | Q4: power | R4: min sample size
A6: Number of users | B6: 1302 | H6: 1380 | N6: N/A | O6: N/A | P6: N/A | Q6: N/A | R6: N/A
A8: Checkins | B8: 5.9608295 | H8: 10.233333 | N8: =H8/B8-1 -> 0.7167633 | O8: 0 | P8: =IF(O8<0.0001,"***", IF(O8<0.01,"**", IF(O8<0.05,"*","---"))) -> *** | Q8: 1 | R8: 59
A10: Lessons | B10: 19.075269 | H10: 30.133333 | N10: =H10/B10-1 -> 0.57970688 | O10: 5.9202578e-09 | P10: =IF(O10<0.0001,"***", IF(O10<0.01,"**", IF(O10<0.05,"*","---"))) -> *** | Q10: 0.99994308 | R10: 314
A11: UserLesson | B11: 5.3817204 | H11: 8.3318841 | N11: =H11/B11-1 -> 0.54818225 | O11: 0.00015186685 | P11: =IF(O11<0.0001,"***", IF(O11<0.01,"**", IF(O11<0.05,"*","---"))) -> ** | Q11: 0.96622768 | R11: 737
A12: Post | B12: 17.626728 | H12: 46.882609 | N12: =H12/B12-1 -> 1.6597454 | O12: 0 | P12: =IF(O12<0.0001,"***", IF(O12<0.01,"**", IF(O12<0.05,"*","---"))) -> *** | Q12: 1 | R12: 140
A13: Code | B13: 11.178187 | H13: 40.476087 | N13: =H13/B13-1 -> 2.6209884 | O13: 4.4408921e-16 | P13: =IF(O13<0.0001,"***", IF(O13<0.01,"**", IF(O13<0.05,"*","---"))) -> *** | Q13: 1 | R13: 164
A14: Q&A | B14: 2.6628264 | H14: 16.424638 | N14: =H14/B14-1 -> 5.1681218 | O14: 3.3405364e-08 | P14: =IF(O14<0.0001,"***", IF(O14<0.01,"**", IF(O14<0.05,"*","---"))) -> *** | Q14: 0.99981641 | R14: 354
A15: Contest | B15: 4.6397849 | H15: 16.821739 | N15: =H15/B15-1 -> 2.6255428 | O15: 0.01603448 | P15: =IF(O15<0.0001,"***", IF(O15<0.01,"**", IF(O15<0.05,"*","---"))) -> * | Q15: 0.67298323 | R15: 1858
A17: Learn (L+UL) | B17: 24.456989 | H17: 38.465217 | N17: =H17/B17-1 -> 0.57276994 | O17: 1.0342163e-09 | P17: =IF(O17<0.0001,"***", IF(O17<0.01,"**", IF(O17<0.05,"*","---"))) -> *** | Q17: 0.99998294 | R17: 285
A18: Social_1 (UC, UP, DP) | B18: 31.467742 | H18: 103.78333 | N18: =H18/B18-1 -> 2.2980865 | O18: 0 | P18: =IF(O18<0.0001,"***", IF(O18<0.01,"**", IF(O18<0.05,"*","---"))) -> *** | Q18: 1 | R18: 117
A19: Social_2 (P, OP, CP) | B19: 7.7688172 | H19: 31.084783 | N19: =H19/B19-1 -> 3.0012246 | O19: 0 | P19: =IF(O19<0.0001,"***", IF(O19<0.01,"**", IF(O19<0.05,"*","---"))) -> *** | Q19: 1 | R19: 115
A20: Social | B20: 39.236559 | H20: 134.86812 | N20: =H20/B20-1 -> 2.4373074 | O20: 0 | P20: =IF(O20<0.0001,"***", IF(O20<0.01,"**", IF(O20<0.05,"*","---"))) -> *** | Q20: 1 | R20: 102
A21: Total | B21: 63.693548 | H21: 173.33333 | N21: =H21/B21-1 -> 1.7213641 | O21: 0 | P21: =IF(O21<0.0001,"***", IF(O21<0.01,"**", IF(O21<0.05,"*","---"))) -> *** | Q21: 1 | R21: 93
