Workbook

Sheet Report
D2: Percentages | H2: Average values
B3: KPI | D3: Control | E3: Treatment | F3: diff | H3: Control | I3: Treatment | J3: diff | K3: sig | AM3: Control | AN3: Treatment
B4: UserCount | D4: =Input!B6 -> 16468 | E4: =Input!H6 -> 16561 | AL4: UserCount | AM4: =H4 -> 0 | AN4: =I4 -> 0
AL5: KPI
B6: Checkins | D6: =Input!C8 -> 1 | E6: =Input!I8 -> 1 | F6: =E6/D6-1 -> 0 | H6: =Input!B8 -> 6.3405392 | I6: =Input!H8 -> 6.3137492 | J6: =I6/H6-1 -> -0.0042252018 | K6: =Input!Q8 -> --- | AL6: =B6 -> Checkins | AM6: =H6/$H6-1 -> 0 | AN6: =I6/$H6-1 -> -0.0042252018
B8: Lessons | D8: =Input!C10 -> 0.90788195 | E8: =Input!I10 -> 0.90465552 | F8: =E8/D8-1 -> -0.0035538066 | H8: =Input!B10 -> 29.114343 | I8: =Input!H10 -> 29.288026 | J8: =I8/H8-1 -> 0.0059655517 | K8: =Input!Q10 -> --- | AL8: =B8 -> Lessons | AM8: =H8/$H8-1 -> 0 | AN8: =I8/$H8-1 -> 0.0059655517
B9: UserLesson | D9: =Input!C11 -> 0.38310663 | E9: =Input!I11 -> 0.37183745 | F9: =E9/D9-1 -> -0.029415261 | H9: =Input!B11 -> 1.9485669 | I9: =Input!H11 -> 1.9792283 | J9: =I9/H9-1 -> 0.015735354 | K9: =Input!Q11 -> --- | AL9: =B9 -> UserLesson | AM9: =H9/$H9-1 -> 0 | AN9: =I9/$H9-1 -> 0.015735354
B10: Post | D10: =Input!C12 -> 0.60675249 | E10: =Input!I12 -> 0.73413441 | F10: =E10/D10-1 -> 0.2099405 | H10: =Input!B12 -> 5.2482997 | I10: =Input!H12 -> 7.4366886 | J10: =I10/H10-1 -> 0.41697102 | K10: =Input!Q12 -> *** | AL10: =B10 -> Post | AM10: =H10/$H10-1 -> 0 | AN10: =I10/$H10-1 -> 0.41697102
B11: Code | D11: =Input!C13 -> 0.32050036 | E11: =Input!I13 -> 0.32365195 | F11: =E11/D11-1 -> 0.00983334 | H11: =Input!B13 -> 3.5595701 | I11: =Input!H13 -> 4.1086287 | J11: =I11/H11-1 -> 0.15424858 | K11: =Input!Q13 -> * | AL11: =B11 -> Code | AM11: =H11/$H11-1 -> 0 | AN11: =I11/$H11-1 -> 0.15424858
B12: Q&A | D12: =Input!C14 -> 0.22759291 | E12: =Input!I14 -> 0.22287301 | F12: =E12/D12-1 -> -0.020738311 | H12: =Input!B14 -> 0.57985183 | I12: =Input!H14 -> 0.64694161 | J12: =I12/H12-1 -> 0.11570158 | K12: =Input!Q14 -> --- | AL12: =B12 -> Q&A | AM12: =H12/$H12-1 -> 0 | AN12: =I12/$H12-1 -> 0.11570158
B13: Contest | D13: =Input!C15 -> 0.26390576 | E13: =Input!I15 -> 0.25916309 | F13: =E13/D13-1 -> -0.017971046 | H13: =Input!B15 -> 2.2303862 | I13: =Input!H15 -> 2.339593 | J13: =I13/H13-1 -> 0.048963187 | K13: =Input!Q15 -> --- | AL13: =B13 -> Contest | AM13: =H13/$H13-1 -> 0 | AN13: =I13/$H13-1 -> 0.048963187
B14: Profile | D14: =Input!C16 -> 0.24908914 | E14: =Input!I16 -> 0.24593925 | F14: =E14/D14-1 -> -0.012645624 | H14: =Input!B16 -> 1.3846855 | I14: =Input!H16 -> 1.5823924 | J14: =I14/H14-1 -> 0.1427811 | K14: =Input!Q16 -> --- | AL14: =B14 -> Profile | AM14: =H14/$H14-1 -> 0 | AN14: =I14/$H14-1 -> 0.1427811
B15: Own profile | D15: =Input!C17 -> 0.47455672 | E15: =Input!I17 -> 0.46772538 | F15: =E15/D15-1 -> -0.014395196 | H15: =Input!B17 -> 2.3615497 | I15: =Input!H17 -> 2.4260008 | J15: =I15/H15-1 -> 0.027291898 | K15: =Input!Q17 -> --- | AL15: =B15 -> Own profile | AM15: =H15/$H15-1 -> 0 | AN15: =I15/$H15-1 -> 0.027291898
B16: Followed to the user | D16: =Input!C18 -> 0.99769249 | E16: =Input!I18 -> 0.99770545 | F16: =E16/D16-1 -> 1.2988004e-05 | H16: =Input!B18 -> 1.8563274 | I16: =Input!H18 -> 1.8991003 | J16: =I16/H16-1 -> 0.023041664 | K16: =Input!Q18 -> --- | AL16: =B16 -> Followed to the user | AM16: =H16/$H16-1 -> 0 | AN16: =I16/$H16-1 -> 0.023041664
B17: Followed by the user | D17: =Input!C19 -> 0.13389604 | E17: =Input!I19 -> 0.13404988 | F17: =E17/D17-1 -> 0.0011489168 | H17: =Input!B19 -> 0.32104688 | I17: =Input!H19 -> 0.38663124 | J17: =I17/H17-1 -> 0.20428282 | K17: =Input!Q19 -> --- | AL17: =B17 -> Followed by the user | AM17: =H17/$H17-1 -> 0 | AN17: =I17/$H17-1 -> 0.20428282
B19: =Input!A21 -> Learn (L+UL) | D19: =Input!C21 -> 0.92931746 | E19: =Input!I21 -> 0.92470261 | F19: =E19/D19-1 -> -0.0049658484 | H19: =Input!B21 -> 31.06291 | I19: =Input!H21 -> 31.267254 | J19: =I19/H19-1 -> 0.0065784084 | K19: =Input!Q21 -> --- | AL19: Learn | AM19: =H19/$H19-1 -> 0 | AN19: =I19/$H19-1 -> 0.0065784084
B20: =Input!A22 -> Social_1 (UC, UP, DP) | D20: =Input!C22 -> 0.7074326 | E20: =Input!I22 -> 0.79530222 | F20: =E20/D20-1 -> 0.12420918 | H20: =Input!B22 -> 9.3877216 | I20: =Input!H22 -> 12.192259 | J20: =I20/H20-1 -> 0.29874525 | K20: =Input!Q22 -> *** | AL20: Social_1 | AM20: =H20/$H20-1 -> 0 | AN20: =I20/$H20-1 -> 0.29874525
B21: =Input!A23 -> Social_2 (P, OP, CP) | D21: =Input!C23 -> 0.53066553 | E21: =Input!I23 -> 0.52339835 | F21: =E21/D21-1 -> -0.013694478 | H21: =Input!B23 -> 3.7462351 | I21: =Input!H23 -> 4.0083932 | J21: =I21/H21-1 -> 0.069979081 | K21: =Input!Q23 -> --- | AL21: Social_2 | AM21: =H21/$H21-1 -> 0 | AN21: =I21/$H21-1 -> 0.069979081
B22: Social | D22: =Input!C24 -> 0.79390333 | E22: =Input!I24 -> 0.83871747 | F22: =E22/D22-1 -> 0.056447856 | H22: =Input!B24 -> 13.133957 | I22: =Input!H24 -> 16.200652 | J22: =I22/H22-1 -> 0.23349364 | K22: =Input!Q24 -> *** | AL22: Social | AM22: =H22/$H22-1 -> 0 | AN22: =I22/$H22-1 -> 0.23349364
B23: Total | D23: =Input!C25 -> 0.97583192 | E23: =Input!I25 -> 0.97536381 | F23: =E23/D23-1 -> -0.00047970342 | H23: =Input!B25 -> 44.196867 | I23: =Input!H25 -> 47.467907 | J23: =I23/H23-1 -> 0.074010674 | K23: =Input!Q25 -> ** | AL23: Total | AM23: =H23/$H23-1 -> 0 | AN23: =I23/$H23-1 -> 0.074010674
B26: Notations: Percentages - this numbers show what percentages of users have at least one of that activity. Average values - this number shows how many activities do the users have. | H26: *** - we are very confident ** - we are confident * - we are confident, but should be cautious --- - no confidence

Sheet Input
B1: Control | H1: Treatment | N1: Difference
B4: Value | C4: % | H4: Value | I4: % | N4: diff in % | O4: Increase/ decrease | P4: p-value | Q4: sig. | R4: power | S4: min sample size
A6: Number of users | B6: 16468 | H6: 16561 | N6: N/A | O6: N/A | P6: N/A | Q6: N/A | R6: N/A | S6: N/A
A8: Checkins | B8: 6.3405392 | C8: 1 | H8: 6.3137492 | I8: 1 | N8: =I8/C8-1 -> 0 | O8: =H8/B8-1 -> -0.0042252018 | P8: 0.45764869 | Q8: =IF(P8<0.0001,"***", IF(P8<0.01,"**", IF(P8<0.05,"*","---"))) -> --- | R8: 0.0034390621 | S8: 234972
A10: Lessons | B10: 29.114343 | C10: 0.90788195 | H10: 29.288026 | I10: 0.90465552 | N10: =I10/C10-1 -> -0.0035538066 | O10: =H10/B10-1 -> 0.0059655517 | P10: 0.69942958 | Q10: =IF(P10<0.0001,"***", IF(P10<0.01,"**", IF(P10<0.05,"*","---"))) -> --- | R10: 0.05775836 | S10: 869578
A11: UserLesson | B11: 1.9485669 | C11: 0.38310663 | H11: 1.9792283 | I11: 0.37183745 | N11: =I11/C11-1 -> -0.029415261 | O11: =H11/B11-1 -> 0.015735354 | P11: 0.64292694 | Q11: =IF(P11<0.0001,"***", IF(P11<0.01,"**", IF(P11<0.05,"*","---"))) -> --- | R11: 0.067280761 | S11: 603078
A12: Post | B12: 5.2482997 | C12: 0.60675249 | H12: 7.4366886 | I12: 0.73413441 | N12: =I12/C12-1 -> 0.2099405 | O12: =H12/B12-1 -> 0.41697102 | P12: 0 | Q12: =IF(P12<0.0001,"***", IF(P12<0.01,"**", IF(P12<0.05,"*","---"))) -> *** | R12: 1 | S12: 1081
A13: Code | B13: 3.5595701 | C13: 0.32050036 | H13: 4.1086287 | I13: 0.32365195 | N13: =I13/C13-1 -> 0.00983334 | O13: =H13/B13-1 -> 0.15424858 | P13: 0.024538671 | Q13: =IF(P13<0.0001,"***", IF(P13<0.01,"**", IF(P13<0.05,"*","---"))) -> * | R13: 0.61356574 | S13: 25661
A14: Q&A | B14: 0.57985183 | C14: 0.22759291 | H14: 0.64694161 | I14: 0.22287301 | N14: =I14/C14-1 -> -0.020738311 | O14: =H14/B14-1 -> 0.11570158 | P14: 0.25352228 | Q14: =IF(P14<0.0001,"***", IF(P14<0.01,"**", IF(P14<0.05,"*","---"))) -> --- | R14: 0.206642 | S14: 99642
A15: Contest | B15: 2.2303862 | C15: 0.26390576 | H15: 2.339593 | I15: 0.25916309 | N15: =I15/C15-1 -> -0.017971046 | O15: =H15/B15-1 -> 0.048963187 | P15: 0.55066933 | Q15: =IF(P15<0.0001,"***", IF(P15<0.01,"**", IF(P15<0.05,"*","---"))) -> --- | R15: 0.086408715 | S15: 364366
A16: Profile | B16: 1.3846855 | C16: 0.24908914 | H16: 1.5823924 | I16: 0.24593925 | N16: =I16/C16-1 -> -0.012645624 | O16: =H16/B16-1 -> 0.1427811 | P16: 0.31057189 | Q16: =IF(P16<0.0001,"***", IF(P16<0.01,"**", IF(P16<0.05,"*","---"))) -> --- | R16: 0.17208929 | S16: 126203
A17: Own profile | B17: 2.3615497 | C17: 0.47455672 | H17: 2.4260008 | I17: 0.46772538 | N17: =I17/C17-1 -> -0.014395196 | O17: =H17/B17-1 -> 0.027291898 | P17: 0.63236396 | Q17: =IF(P17<0.0001,"***", IF(P17<0.01,"**", IF(P17<0.05,"*","---"))) -> --- | R17: 0.069228468 | S17: 566735
A18: Followed to the user | B18: 1.8563274 | C18: 0.99769249 | H18: 1.8991003 | I18: 0.99770545 | N18: =I18/C18-1 -> 1.2988004e-05 | O18: =H18/B18-1 -> 0.023041664 | P18: 0.8588787 | Q18: =IF(P18<0.0001,"***", IF(P18<0.01,"**", IF(P18<0.05,"*","---"))) -> --- | R18: 0.037361386 | S18: 4105580
A19: Followed by the user | B19: 0.32104688 | C19: 0.13389604 | H19: 0.38663124 | I19: 0.13404988 | N19: =I19/C19-1 -> 0.0011489168 | O19: =H19/B19-1 -> 0.20428282 | P19: 0.12011954 | Q19: =IF(P19<0.0001,"***", IF(P19<0.01,"**", IF(P19<0.05,"*","---"))) -> --- | R19: 0.34248447 | S19: 53752
A21: Learn (L+UL) | B21: 31.06291 | C21: 0.92931746 | H21: 31.267254 | I21: 0.92470261 | N21: =I21/C21-1 -> -0.0049658484 | O21: =H21/B21-1 -> 0.0065784084 | P21: 0.66439445 | Q21: =IF(P21<0.0001,"***", IF(P21<0.01,"**", IF(P21<0.05,"*","---"))) -> --- | R21: 0.06349124 | S21: 688651
... A25: Total | B25: 44.196867 | C25: 0.97583192 | H25: 47.467907 | I25: 0.97536381 | N25: =I25/C25-1 -> -0.00047970342 | O25: =H25/B25-1 -> 0.074010674 | P25: 0.00025301865 | Q25: =IF(P25<0.0001,"***", IF(P25<0.01,"**", IF(P25<0.05,"*","---"))) -> ** | R25: 0.95536123 | S25: 9691
